App ID, App Name
34178,Napoleon: Total War - Coalition Battle Pack
34179,Napoleon: Total War - Peninsular Campaign
34180,Vancouver 2010: The Official Video Game of the Olympic Winter Games
34184,Napoleon: Total War - Community Reward Unit
34189,Napoleon: Total War - UNUSED Campaign
34200,Aliens vs Predator Demo
34220,Football Manager 2011
34229,Football Manager 2011
34250,Total War: Shogun 2 Dev
34270,SEGA Mega Drive & Genesis Classics
34272,Comix Zone
34273,Crack Down
34274,Ecco the Dolphin
34275,Gain Ground
34276,Golden Axe
34277,Shinobi 3
34278,Sonic 3D Blast
34279,Space Harrier II
34280,Vectorman
34281,Altered Beast
34282,Shadow Dancer
34283,Alex Kidd in the Enchanted Castle
34284,Bonanza Bros
34285,Columns
34286,Dr. Robotnik's Mean Bean Machine
34287,Ecco Jr.
34288,Eternal Champions
34289,Fatal Labyrinth
34310,Galaxy Force II
34311,Kid Chameleon
33540,Dawn of Magic 2
33549,Dawn of Magic 2
33550,Time of Shadows
33559,Time of Shadows
33560,Tropico 3 - Demo
33570,Patrician III
33580,The Great Art Race
33600,Broken Sword 2 - the Smoking Mirror: Remastered
33610,Broken Sword 3 - the Sleeping Dragon
33620,Crash Time III
33630,Crash Time III - Demo
33650,Puzzler World 
33660,Ziro
33670,Disciples III: Renaissance
33680,Eversion 
33700,Paws & Claws: Pampered Pets
33710,Paws & Claws: Pet School
33720,Paws & Claws: Pet Vet
33730,18 Wheels of Steel: Extreme Trucker
33740,John Deere: Drive Green
33750,Prison Tycoon 4: Supermax
33760,Amelia Earhart
33770,Drakensang The River of Time
33780,Drakensang 2 - Phileasson's Secret
33790,Elizabeth Find M.D. - Diagnosis Mystery - Season 2
33900,Arma 2
33905,ARMA 2 Dedicated Server
33909,Arma 2
33910,Arma 2
33919,ARMA 2
33920,Arma 2 Demo
33930,Arma 2: Operation Arrowhead
33934,Arma 2: Army of the Czech Republic DLC
33935,Arma 2: Operation Arrowhead - Dedicated Server
33936,ValveTestApp33936
33950,The Fish Fillets 2
33960,ARMA II: British Armed Forces
33970,Arma 2: Operation Arrowhead Demo
33980,Pound of Ground
33990,AlternativA
34000,Football Manager 2010
34009,Football Manager 2010
34010,Alpha Protocol
34019,Alpha Protocol
34039,Napoleon: Total War
33220,Tom Clancy's Splinter Cell: Conviction
33229,Tom Clancy's Splinter Cell Conviction
33242,Tom Clancy's Splinter Cell Conviction - Insurgency Pack - Mac
33245,Tom Clancy's Splinter Cell Conviction - Deluxe CD Key Mac
33246,Tom Clancy's Splinter Cell Conviction - Standard CD Key Mac
33250,Anno 1404
33259,Anno 1404
33260,Heroes Over Europe
33270,Cloudy with a Chance of Meatballs
33280,James Cameron’s Avatar™: The Game
33287,James Cameron's Avatar - Standard CD Key
33288,James Cameron's Avatar - Limited Edition CD Key
33289,James Cameron’s Avatar™: The Game
33290,Call of Juarez: Bound in Blood Demo
33310,R.U.S.E. Demo
33320,Prince of Persia: The Forgotten Sands
33325,Prince of Persia: The Forgotten Sands - Deluxe CD Key
33326,Prince of Persia: The Forgotten Sands - Standard CD Key
33340,Dawn of Discovery - Venice
33349,Dawn of Discovery - Venice
33350,Anno 1404: Venice
33359,Anno 1404 - Venice
33360,Assassin's Creed II - CD Key
33361,Assassin's Creed II - Deluxe CD Key
33362,Assassin's Creed 2 - Mac
33370,Tom Clancy's Splinter Cell Conviction - Deluxe CD Key
33371,Tom Clancy's Splinter Cell Conviction - Standard CD Key
33372,Tom Clancy's Splinter Cell Conviction - Insurgency Pack
33390,Zeit²
33400,Zeit² Demo
33420,Call of Juarez: The Cartel
33428,Call of Juarez: The Cartel - Preorder DLC
33435,Call of Juarez: The Cartel - Preorder Pack 1
33436,Call of Juarez: The Cartel - Preorder Pack 2
33440,Driver San Francisco
33446,Driver San Francisco - Standard Key
33447,Driver San Francisco - Deluxe Key
33448,Driver San Francisco - Deluxe Key - Preorder
33456,Driver San Francisco - Standard Key - Mac
33457,  Driver San Francisco - Deluxe Key - Mac
33460,From Dust
33500,Hired Guns: The Jagged Edge
33510,Officers: World War II
33520,Tropico
33530,Tropico 2: Pirate Cove
32469,Monkey Island 2 Special Edition: LeChuck's Revenge Pre-Order
32470,STAR WARS™ Empire at War: Gold Pack
32472,Star Wars: Empire at War - Forces of Corruption
32500,STAR WARS™: The Force Unleashed™ II
32510,LEGO® Star Wars™ III: The Clone Wars™
32610,Delta Force: Xtreme 2
32620,Delta Force
32630,Delta Force 2
32640,Delta Force: Land Warrior
32650,Delta Force: Task Force Dagger
32660,Delta Force: Xtreme
32670,Delta Force: Black Hawk Down
32680,Delta Force: Black Hawk Down - Team Sabre
32690,Joint Operations: Typhoon Rising
32700,Joint Operations: Escalation
32710,Armored Fist 3
32720,F-16 Multirole Fighter
32730,F-22 Lightning 3
32740,MiG-29 Fulcrum
32750,Comanche 4
32760,Tachyon: The Fringe
32770,Joint Operations: Combined Arms
32800,The Lord of the Rings: War in the North
32830,Lord of the Rings War in the North Human Pack
32831,Lord of the Rings War in the North DLC Elf Pack
32832,Lord of the Rings: War in the North DLC: Dwarf Pack
32833,Lord of the Rings: War in the North DLC: Film Pack
32834,Lord of the Rings War in the North DLC Orc Champion Sword
32900,Restaurant Empire II
33110,Alien Shooter: Revisited
33120,Alien Shooter 2: Reloaded
33130,Zombie Shooter
33140,Alien Shooter Demo
33150,Alien Shooter Revisited Demo
33160,Alien Shooter 2 Reloaded Demo
33170,Zombie Shooter Demo
33180,Zombie Shooter 2
33190,Zombie Shooter 2 - Demo
33210,Dawn of Discovery
33212,Dawn of Discovery - Demo
33219,Dawn of Discovery
31860,Nancy Drew: Legend of the Crystal Skull 
31870,"Nancy Drew Dossier: Lights, Camera, Curses!"
31880,Nancy Drew: Secret of the Old Clock
31890,Nancy Drew: Secret of the Scarlet Hand 
31900,Nancy Drew: The Creature of Kapu Cave
31910,Nancy Drew: The Haunting of Castle Malloy
31920,Nancy Drew: The Phantom of Venice
31930,Nancy Drew: The White Wolf of Icicle Creek
31940,Nancy Drew: Legend of the Crystal Skull Demo
31950,Nancy Drew: The Creature of Kapu Cave Demo
31960,Nancy Drew: The Phantom of Venice Demo
31970,Nancy Drew: The White Wolf of Icicle Creek Demo
31980,Nancy Drew: Ransom of the Seven Ships 
31989,Nancy Drew: Ransom of the Seven Ships
31990,Nancy Drew: Ransom of the Seven Ships - Demo
32000,Raycatcher
32010,Raycatcher Demo
32110,Luxor Mahjong
32117,Luxor Mahjong - Demo
32120,Chainz 2: Relinked
32127,Chainz 2: Relinked Demo
32130,Penguins' Journey
32135,Penguins' Journey - Demo
32140,Midnight Mysteries: The Edgar Allan Poe Conspiracy
32150,Everyday Genius: SquareLogic
32159,Everyday Genius: SquareLogic Demo
32160,Zombie Bowl-O-Rama
32162,Zombie Bowl-O-Rama Demo
32200,Metal Drift
32210,Metal Drift - Demo
32310,Indiana Jones and the Last Crusade
32330,LEGOⓇ Indiana Jones™: The Original Adventures
32340,Loom
32350,STAR WARS™ Starfighter™
32360,The Secret of Monkey Island: Special Edition
32370,STAR WARS™: Knights of the Old Republic™
32380,STAR WARS™ Jedi Knight: Dark Forces II
32390,STAR WARS™ Jedi Knight: Mysteries of the Sith™
32400,STAR WARS™: Dark Forces
32410,Lucidity
32420,STAR WARS™: The Clone Wars - Republic Heroes™
32430,STAR WARS™: The Force Unleashed™ Ultimate Sith Edition
32450,LEGO® Indiana Jones™ 2: The Adventure Continues
32460,Monkey Island 2: Special Edition
29710,Guild Wars: Eye of the North (EU)
29720,Guild Wars
29800,Caster
29900,Dark Sector
30000,Tom Bui Test App
30010,ValveTestApp30010
30040,ValveTestApp30040
31100,Wallace & Gromit Ep 1: Fright of the Bumblebees
31109,Wallace & Gromit's Grand Adventures
31110,Wallace & Gromit Ep 2: The Last Resort
31120,Wallace & Gromit Ep 3: Muzzled!
31130,Wallace & Gromit Ep 4: The Bogey Man
31139,Wallace & Gromit Ep4: The Bogey Man
31160,Wallace & Gromit Demo
31170,Tales of Monkey Island: Chapter 1 - Launch of the Screaming Narwhal
31180,Tales of Monkey Island: Chapter 2 - The Siege of Spinner Cay 
31189,Tales of Monkey Island: Chapter 2 - The Siege of Spinner Cay
31190,Tales of Monkey Island: Chapter 3 - Lair of the Leviathan 
31199,Tales of Monkey Island: Chapter 3 - Lair of the Leviathan
31200,Tales of Monkey Island: Chapter 4 - The Trial and Execution of Guybrush Threepwood 
31209,Tales of Monkey Island: Chapter 4 - The Trial and Execution of Guybrush Threepwood
31210,Tales of Monkey Island: Chapter 5 - Rise of the Pirate God
31219,Tales of Monkey Island: Chapter 5 - Rise of the Pirate God
31220,Sam & Max 301: The Penal Zone
31229,Sam & Max: The Devil’s Playhouse (Pre-Order)
31230,Sam & Max 302: The Tomb of Sammun-Mak
31240,Sam & Max 303: They Stole Max's Brain!
31250,Sam & Max 304: Beyond the Alley of the Dolls
31260,Sam & Max 305: The City that Dares not Sleep
31270,Puzzle Agent
31280,Poker Night at the Inventory
31290,Back to the Future: Ep 1 - It's About Time
31300,Tunnel Rats 1968
31410,Zombie Driver
31419,Zombie Driver
31420,Zombie Driver: Summer of Slaughter DLC
31700,Iron Grip: Warlord
31710,Iron Grip: Warlord - Demo
31713,IGW - Scorched Earth DLC
31720,Iron Grip: Warlord Dedicated Server
31740,Iron Grip: Marauders
31800,Nancy Drew: Danger By Design
31810,Nancy Drew: Last Train to Blue Moon Canyon
31820,Nancy Drew: The Haunted Carousel
31830,Nancy Drew: Curse of Blackmoor Manor 
31840,Nancy Drew: Danger on Deception Island 
31850,Nancy Drew: Ghost Dogs of Moon Lake 
28011,Kane and Lynch 2: Alliance Weapon Pack DLC
28012,Kane and Lynch 2: Multiplayer Masks Pack DLC
28013,Kane and Lynch 2: Greed Betrayal Revenge DLC
28014,Kane and Lynch 2: Goodbye Kitty GUN DLC
28015,Kane and Lynch 2: Alliance Assault Pack DLC
28017,Kane and Lynch 2: Radio Tower DLC
28019,Kane & Lynch 2: Dog Days Pre-Order
28020,Kane & Lynch 2: Dog Days Demo
28050,Deus Ex: Human Revolution
28060,Explosive Mission Pack
28061,Tactical Enhancement Pack
28110,Deus Ex Human Revolution Augmented Edition Bonus Content
29017,Blood Bowl 2 - Review
29100,Osmos IGF Demo
29110,Retro/Grade IGF Demo
29120,Yumsters! 2: Around the World!
29130,Musaic Box
29140,Between IGF Demo
29150,Mightier
29160,Blueberry Garden
29170,Blueberry Garden Demo
29180,Osmos
29200,Osmos Demo
29500,City of Heroes: Architect Edition
29520,Lineage
29530,Lineage II: The Chaotic Throne
29540,Guild Wars: Game of the Year Edition
29550,City of Heroes
29560,Guild Wars: Factions
29570,Guild Wars: Trilogy
29580,Guild Wars: Nightfall
29590,Lineage II: The Chaotic Throne
29600,Guild Wars: Game of the Year
29610,Guild Wars: Factions
29620,Guild Wars: Trilogy
29630,Guild Wars: Nightfall
29640,Aion
29650,Aion Collectors Edition
29660,Aion
29670,Aion Collectors Edition
29680,City of Heroes: Going Rogue 
29690,City of Heroes: Going Rogue EU
29700,Guild Wars: Eye of the North
25990,Majesty: Gold Edition
26000,The Maw
26005,The Maw: Brute Force
26006,The Maw: River Redirect
26007,The Maw: Speeder Lane
26009,The Maw
26010,The Maw Demo
26100,Noesis - Realtime Character Animation with Softimage
26110,Noesis - Source Vehicle Scripting
26120,Noesis - Intro to Source Vehicle Programming
26130,Noesis - Source Machinima Choreography
26140,Noesis - Source Machinima Cinematography
26160,Noesis - 3D Content Creation with 3dsMax
26170,Noesis - 3D Content Creation with Maya
26180,Noesis - Custom Props & Animation with 3dsMax
26300,Drug Wars
26500,Cogs
26510,Cogs Demo
26700,Smashing Toys Press Demo
26710,Smashing Toys
26720,Smashing Toys Demo
26800,Braid
26803,Braid Soundtrack
26810,Braid Demo
26900,Crayon Physics Deluxe
26910,Crayon Physics Deluxe Demo
27000,The Path
27020,The Graveyard
27030,The Graveyard Trial
27040,The Path - Prologue
27050,FATALE
27200,Summer Athletics
27220,Divinity II - Ego Draconis
27240,Summer Athletics 2009
27300,Saw
27330,Blacklight: Tango Down
27400,Dangerous High School Girls in Trouble!
27600,MEVO & the Grooveriders
27610,MEVO & the Grooveriders Demo
27800,Space Giraffe
27810,GridRunner Revolution
27900,Twin Sector
27910,Twin Sector Demo
27920,Booster Trooper
27930,Booster Trooper Demo
27940,Dead Horde
28010,Kane and Lynch 2: The Doggie Bag DLC
25753,MiBI Skins - Evolution Runners 09 DLC
25754,MiBI Skins - Evolution Support 09 DLC
25755,MiBI Skins - Evolution Heavy 09 DLC
25756,MiBI Skins - Evolution Flyers DLC
25757,MiBI Skins - Christmas '09 DLC
25758,Madballs Anarchy Unlock Pack DLC
25759,MiBI Skins - Desertion Pack DLC
25760,MiBI Skins - Madballs BDI Clan Skins DLC
25761,MiBI Skins - Madballs Scorched Clan Skins
25762,Madballs BDI Evolution Rollup
25763,Madballs Scorched Evolution Rollup
25764,Madballs Holiday Skins
25765,MiBI Skins - All Clan Skins Pack DLC
25800,Europa Universalis III
25806,Europa Universalis III: Heir to the Throne
25808,Europa Universalis III: Divine Wind
25809,Europa Universalis III: Eastern - Anno Domini 1400
25810,Europa Universalis III: Western - Anno Domini 1400
25811,Enlightenment Sprite Pack
25812,Reformation Sprite Pack
25813,Medieval Sprite Pack
25814,Europa Universalis III: Revolution Sprite Pack
25815,Europa Universalis III: Absolutism SpritePack
25816,Europa Universalis III: Revolution 2
25817,Europa Universalis III: Music of the World
25830,Knights of Honor
25840,Take Command: Second Manassas
25850,Elven Legacy
25860,Sword of the Stars
25870,Stalin vs. Martians
25879,Stalin vs. Martians
25880,Elven Legacy - Demo
25890,Hearts of Iron III
25892,Hearts of Iron III: US Sprite Pack
25893,Hearts of Iron III: German Sprite Pack
25896,Hearts of Iron III: German Infantry Sprite Pack
25897,Hearts of Iron III: Japanese Infantry Sprite Pack
25898,Hearts of Iron III: Soviet Sprite Pack
25899,Hearts of Iron 3: Soviet Music Pack
25900,King's Bounty: The Legend
25910,Supreme Ruler 2020: Gold
25920,Sword of the Stars: Argos Naval Yard Expansion
25930,East India Company
25939,East India Company
25940,East India Company: Pirate Bay
25960,Hearts of Iron III: Soviet Infantry Spritepack
25962,Hearts of Iron III: German II Sprite Pack
25980,Majesty 2
25989,Majesty 2
24920,Dragon Age: Origins Character Creator
24932,Dragon Age: Origins Bonus Content
24934,Dragon Age: Origins Deluxe CD Key
24935,Dragon Age: Origins Deluxe CD Key
24936,Dragon Age: Origins Standard CD Key
24937,Dragon Age: Origins Preorder CD Key
24938,Dragon Age: Origins Deluxe Game CD Key
24939,Dragon Age: Origins Standard Game CD Key
24950,Battlefield Bad Company 2 Beta
24960,Battlefield: Bad Company 2
24962,Battlefield Bad Company 2: Promo Key (Preorder)
24963,Battlefield Bad Company 2: Specact Kit DLC
24969,Battlefield Bad Company 2 Pre-Order
24980,Mass Effect 2
24992,Mass Effect 2: Digital Deluxe Promo Key (Preorder)
24993,Mass Effect 2: Digital Deluxe Cerberus Key (Preorder)
24994,Mass Effect 2: Promo Key (Preorder)
24995,Mass Effect 2: Cerberus Key (Preorder)
24996,Mass Effect 2: Digital Deluxe Promo Key
24997,Mass Effect 2: Digital Deluxe Cerberus Key
24998,Mass Effect 2: Cerberus Key
24999,Mass Effect 2
25010,Lugaru HD 
25300,Noesis - Advanced Source Level Design
25310,Noesis - 3D Content Creation with Softimage
25320,Noesis - HL2 Character Design & Integration with Softimage
25330,Noesis - HL2 Character Design & Integration with Maya
25340,Noesis - Source Choreography & In-Game Cinematics
25350,Noesis - Custom Props & Animation with Softimage
25360,Noesis - Advanced Source Character Animation with Softimage
25370,Noesis - HL2 Character Design & Integration with 3dsMax
25380,Noesis - Custom Props & Animation with Maya
25390,Noesis - Source Creature Rigging with Softimage
25500,Cricket Revolution
25510,Cricket Revolution - Demo
25600,Eschalon: Book 1
25610,Eschalon: Book I - Demo
25620,Eschalon: Book 2
25700,Madballs in...Babo: Invasion
25710,Madballs in...Babo: Invasion Demo
25730,Madballs in...Babo: Invasion Dev
25740,Madballs In...Babo:Invasion Dedicated Server
25750,Madballs Devil's Night Skin Pack
25751,MiBI Skins - Evolution Assault DLC
25752,MiBI Skins - Thanksgiving 09 DLC
24448,King Arthur - The Role-playing Wargame Polish Saxon
24449,King Arthur: The Druids
24451,King Arthur - The Role-playing Wargame Saxon DLC Hungarian
24460,King Arthur - Fallen Champions
24470,King Arthur: Collection
24480,King Arthur II - The Role-playing Wargame
24483,King Athur 2 Base_Test
24486,King Athur 2 Base_Release
24487,King Athur 2 Prologue_Press
24488,King Athur 2 Dead Legions
24496,King Athur II Base Game Game
24500,Dreamkiller
24509,Dreamkiller
24600,Trainz 2009: Railroad Simulator
24610,Trainz Classics: 1st & 2nd Edition
24620,Trainz Classics: Volume 3
24630,Trainz Simulator 2010: Engineers Edition
24634,Trainz Simulator 12 DLC - Blue Comet
24635,Trainz Simulator 12 DLC - Duchess
24637,Trainz Sim - PRRT1
24640,Trainz: Classic Cabon City
24650,Trainz: Settle & Carlisle
24660,Trainz: Murchison 2
24670,Trainz Simulator 12
24673,Trainz Simulator 12 DLC - Aerotrain
24674,Trainz Simulator 12 DLC - Blue Comet
24675,Trainz Simulator 12 DLC - Duchess
24676,Trainz Simulator 12 DLC - PRR T1
24677,Trainz Simulator 12 DLC - Coronation Scot
24678,Trainz Simulator 12 DLC - BR Class 14 
24679,Trainz Simulator 12 DLC - SS4 China Coal
24700,Warhammer Online: Age of Reckoning
24710,Red Alert 3 Demo
24720,Spore: Galactic Adventures
24740,Burnout Paradise: The Ultimate Box
24760,BattleForge
24770,BattleForge Demo
24780,SimCity 4 Deluxe
24790,Command and Conquer 3: Tiberium Wars
24800,Command and Conquer: Red Alert 3 - Uprising
24810,Command and Conquer 3: Kane's Wrath
24820,The Godfather
24830,Godfather 2
24840,Medal of Honor: Airborne
24850,FIFA Manager 10
24859,FIFA Manager 10
24860,Battlefield 2
24870,Need for Speed: SHIFT
24075,Train Simulator: Network Southeast Class 47 Loco Add-On
24076,Railworks BonusScenario01 Cotswold Line
24077,Railworks Class57
24078,Railworks BigBoyPack
24079,Railworks ThePortRoad
24080,Railworks BigBoyPackCS
24081,Railworks Up the Junction Add-On
24082,Train Simulator: Green & Gold HST DMU Add-On
24083,Train Simulator: West Coast Main Line North
24084,Railworks UK LED Signals
24085,Railworks Class56 DLC
24086,Railworks AssetPack01
24087,Railworks 2Ppack
24088,Railworks BonusScenario02
24089,RailWorks 2 SD70ACe Pack
24090,RailWorks 2 Flying Scotsman
24091,RailWorks 2 Class170Pack
24092,RailWorks 2 OhioSteel
24093,RailWorks 2 AllAboardCore
24094,Railworks 2 Class 31 Pack
24095,Train Simulator: Doncaster Works Route Add-On
24096,Train Simulator: Falmouth Branch Route Add-On
24097,RailWorks 2 Class 86 Pack
24098,RailWorks 2 SD70M-2 Pack
24099,RailWorks 2 SD70MAC Pack
24100,EverQuest II: The Shadow Odyssey
24110,EverQuest II: Rise of Kunark
24120,EverQuest: Secrets of Faydwer
24130,EverQuest: Seeds of Destruction
24135,EverQuest: Seeds of Destruction Item CD Key
24140,Pirates of the Burning Sea
24150,Vanguard: Saga of Heroes
24170,Star Wars Galaxies
24180,Everquest: Underfoot
24190,Everquest II: Sentinel's Fate
24208,DC Universe Online - Bane's Venom Key
24209,DC Universe Online - Standard Key
24210,Everquest: Underfoot - Raging Mercenaries
24220,Everquest: House of Thule
24230,EverQuest II: Destiny of Velious
24400,King Arthur - The Role-playing Wargame
24410,Crusaders: Thy Kingdom Come
24420,Aquaria
24422,Aquaria soundtrack
24430,King Arthur - The Role-playing Wargame Demo
24440,King Arthur - The Role-playing Wargame: Knights and Vassals DLC
24441,King Arthur - The Role-playing Wargame: Legendary Artifacts DLC
24447,King Arthur: The Saxons
24025,Railworks 8F Pack
24026,Railworks Jubilee DLC
24027,RailWorks Hall Steam Locomotive Pack
24028,Train Simulator: Rascal & Cottonwood Route Add-On
24029,Train Simulator: Colton &amp; Northern Route Add-On
24030,Railworks GXBerkshires DLC
24031,Railworks SPS Northerns DLC
24032,Railworks GWRBset DLC
24033,Railworks ChallengerPack DLC
24034,Railworks 7FScenarioPack01 DLC
24035,Railworks B5ScenarioPack01 DLC
24036,Train Simulator: HST Buffer Loco Add-On
24037,Railworks V2Pack DLC
24038,Railworks Class 37 Pack
24039,Railworks Mk2e Coaches DLC
24040,Railworks: Saddle Tank Pack DLC
24041,Railworks A1 Tornado Pack DLC
24042,Railworks Class 390 Pack DLC
24043,Railworks Class 20 Pack DLC
24044,Railworks Mk1Coaches DLC
24045,Railworks TestTraK DLC
24046,Railworks TEA Wagons DLC
24047,Railworks GX Daylights DLC
24048,Railworks Class 380 Pack DLC
24049,Railworks Class 45 Pack DLC
24050,Railworks IHH Extra Content DLC
24051,Railworks NS HighNose Pack DLC
24052,Railworks CN WideNose Pack DLC
24053,Railworks CN SD40 Pack DLC
24054,Railworks CN ES44DC Pack DLC
24055,Train Simulator: Fort Kent to Eagle Lake Route Add-On
24056,Railworks Project Platform
24057,Railworks SF SD40 Pack DLC
24058,Railworks Evening Star DLC
24059,Railworks DT Wagon Pack 01 DLC
24060,Railworks BN SD40 Pack DLC
24061,Railworks MJA Wagons DLC
24062,Railworks ATSF Warbonnet DLC
24063,App Id 24000 DLC 1
24064,App Id 24000 DLC 2
24065,Train Simulator: Glasgow Airport Rail Link Route Add-On
24066,Railworks German Wagon Pack
24067,Railworks BNSF Dash9 Pack
24068,Railworks Class 101 Pack
24069,Railworks GR Class 143 Pack
24070,Train Simulator: Fowler 4F Loco Add-On
24071,Railworks Class 02 Pack
24072,Railworks LightPacific Pack
24073,Railworks 4MT Pack
24074,Railworks CN Scenario Pack01
23130,Mole Control
23140,KrissX
23150,Fluttabyes
23160,Mole Control - Demo
23170,KrissX - Demo
23180,Fluttabyes - Demo
23200,I-Fluid
23300,Yosumin!
23310,The Last Remnant
23319,The Last Remnant
23320,Yosumin! Demo
23330,The Last Remnant Demo
23340,Last Remnant - Demo 2
23350,Last Remnant - Demo 3
23360,FINAL FANTASY XI
23380,Gyromancer
23390,FINAL FANTASY XI
23400,Imperium Romanum: Gold Edition
23410,Imperium Romanum: Gold Edition Demo
23420,Europa Universalis: Rome - Gold Edition
23440,Europa Universalis: Rome - Vae Victis
23450,Grand Ages: Rome
23455,Grand Ages: Rome Expansion
23460,Ceville
23469,Ceville
23470,Grand Ages: Rome - Demo
23480,Ceville - Demo
23490,Tropico 3 - Steam Special Edition
23500,Puzzle Quest: Galactrix
23510,Texas Cheat'Em
23520,Texas Cheat'em Demo
23530,Earth Defense Force: Insect Armageddon
23550,Earth Defense Force Battle Armor Weapon Chest
23551,Earth Defense Force Trooper Special Issue Enforcer Package
23552,Earth Defense Force Aerialist Munitions Package
23553,Earth Defense Force Tactician Advanced Tech Package
23600,Depths of Peril
23610,Depths of Peril Demo
23700,Puzzle Kingdoms
24012,Train Simulator: BNSF ES44AC &amp; SD40-2 Loco Add-On
24021,Train Simulator: Isle of Wight Route Add-On
24022,Railworks Class08
24023,Railworks Class66
24024,Railworks Class158
22634,Worms Reloaded Retro Pack
22635,Worms Reloaded - Soundtrack DLC
22636,Worms Reloaded - Singleplayer DLC
22637,Worms Reloaded - DE Check
22638,Worms Reloaded - PL Check
22639,Worms Reloaded - RU Check
22640,Alien Breed Evolution: Episode 1 Preorder DLC
22641,Alien Breed 2: Assault DLC
22642,Alien Breed 3: Descent DLC
22650,Alien Breed 2: Assault
22658,Alien Breed 2: Assault - PL Check
22660,Alien Breed 2: Assault Demo
22670,Alien Breed 3: Descent
22678,Alien Breed 3: Descent - PL Check
22680,Alien Breed 3: Descent Demo
22690,Worms Reloaded Demo
22700,Sacred 2: Fallen Angel
22800,Far Cry 2: Prima Official eGuide
22803,Assassin's Creed 2 - Prima Official Strategy Guide
22805,Splinter Cell Conviction - Prima Official Strategy Guide
22812,R.U.S.E. - Prima Official Strategy Guide
22813,Fallout: New Vegas - Prima Official Strategy Guide
22814,Arcania Gothic 4 - Prima Official Strategy Guide
22815,Battlefield: Bad Company 2 - Prima Official Strategy Guide
22816,Medal of Honor - Prima Official Strategy Guide
22817,Dead Space 2 - Prima Official Strategy Guide
22818,Bulletstorm - Prima Official Strategy Guide
22819,Dragon Age II - Prima Official Strategy Guide
22821,Assassin's Creed Brotherhood - Prima Official Strategy Guide
22825,Left 4 Dead 2 - Prima Official Strategy Guide
22835,Just Cause 2 - Prima Official Strategy Guide
22845,Prince of Persia: The Forgotten Sands - Prima Official Strategy Guide
22870,Dragon Age: Origins - Prima Official Strategy Guide
22875,Dragon Age: Origins - Awakening - Prima Official Strategy Guide
22880,Mass Effect 2 - Official eGuide
22885,Dragon Age: Origins - Ultimate - Prima Official Strategy Guide
22888,Homefront: Prima Official Strategy Guide
22889,Dungeon Siege III: Prima Official Strategy Guide
22890,BRINK: Prima Official Strategy Guide
22891,Red Faction: Armageddon: Prima Official Strategy Guide
22892,Hunted: Demon's Forge Prima Official Strategy Guide
22893,"Warhammer 40,000: Space Marine Prima Official Strategy Guide"
22894,RAGE Prima Official Strategy Guide
22895,Might and Magic: Heroes VI Prima Official Strategy Guide
22896,Tropico 4: Prima Official Strategy Guide
23100,Buccaneer: The Pursuit of Infamy
23110,Buccaneer: The Pursuit of Infamy Demo
23120,Droplitz
22200,Zeno Clash
22208,Zeno Clash Models
22220,Zeno Clash Demo
22230,Rock of Ages
22300,Fallout 3
22309,Fallout 3
22310,Rogue Warrior
22319,Rogue Warrior
22320,The Elder Scrolls III: Morrowind
22330,The Elder Scrolls IV: Oblivion 
22333,Oblivion Game of the Year DLC
22340,Call of Cthulhu: Dark Corners of the Earth
22350,BRINK
22359,Brink
22360,BRINK Spec Ops DLC
22361,BRINK Psycho Ops DLC
22362,BRINK Doom Pack DLC
22363,BRINK Fallout Pack DLC
22364,Brink Agents of Change DLC
22365,ValveTestApp22365
22370,Fallout 3 - Game of the Year Edition
22400,Fallout 3 - Operation: Anchorage
22410,Fallout 3 - Broken Steel
22420,Fallout 3 - The Pitt
22430,Fallout 3 - Mothership Zeta
22440,Fallout 3 - Point Lookout
22449,Fallout: New Vegas
22450,Hunted: The Demon's Forge
22456,Hunted Assasin Pack
22470,Fallout New Vegas: Courier's Stash
22480,GECK - New Vegas Edition
22500,Spectromancer
22510,Spectromancer: League of Heroes
22520,Spectromancer: Truth & Beauty
22521,Spectromancer: Gathering of Power
22600,Worms Reloaded
22610,Alien Breed: Impact
22618,Alien Breed: Impact - PL Check
22620,Alien Breed: Impact Demo
22630,Worms Reloaded Preorder DLC
22631,Worms Reloaded Puzzle Pack
22632,Worms Reloaded Fort Booster Pack
22633,Worms Reloaded Time Attack Pack
21610,MotoGP 08
21612,MotoGP 08
21620,Neopets: Puzzle Adventure
21630,Age of Booty Demo 
21649,FLOCK!
21650,FLOCK! Demo
21669,Street Fighter IV
21679,Bionic Commando
21699,Resident Evil 5
21730,CSI: Hard Evidence
21750,CSI: NY - The Game
21760,World in Conflict
21780,Driver: Parallel Lines
21800,Tom Clancy's EndWar
21809,Tom Clancy's EndWar
21900,Tom Clancy's H.A.W.X.
21909,Tom Clancy's H.A.W.X.
21910,World in Conflict: Soviet Assault
21920,Wheelman
21929,Wheelman
21930,Tom Clancy's H.A.W.X. - Demo
21940,World in Conflict - Demo
21950,Grey's Anatomy: The Video Game
21960,Far Cry 2: Fortunes Pack
21963,R.U.S.E Mac DLC2
21964,R.U.S.E Mac DLC3
21970,R.U.S.E
21979,R.U.S.E.
21980,Call of Juarez: Bound in Blood
21989,Call of Juarez: Bound in Blood
21990,Teenage Mutant Ninja Turtles
21995,R.U.S.E DLC2
21996,R.U.S.E DLC3
21999,R.U.S.E. - Preorder Bonus Key
22000,World of Goo
22010,World of Goo Demo
22100,Mount & Blade
22110,Mount & Blade Demo
22120,Penumbra: Black Plague
22130,Hearts of Iron II: Complete
22140,Penumbra: Requiem
22150,Europa Universalis III Demo
22160,Europa Universalis: Rome - Demo
22170,Hearts of Iron II Demo
22180,Penumbra: Overture
21040,Watchmen: The End Is Nigh Part 2 Demo
21070,Wanted: Weapons of Fate
21080,Terminator Salvation
21089,Terminator Salvation
21090,F.E.A.R.
21100,F.E.A.R. 3
21110,F.E.A.R.: Extraction Point
21120,F.E.A.R.: Perseus Mandate
21130,Lego Harry Potter
21140,LEGO: Universe
21150,F.E.A.R. 3 Hammer
21160,F.E.A.R. 3 Shredder
21170,Gotham City Impostors
21180,Gotham City Impostors Beta
21200,Gotham City Impostors Double XP - Self
21201,Gotham City Impostors Double XP - Team
21202,Gotham City Impostors Rodeo Pirate Pack
21204,Gotham City Impostors Dress Up Pack
21205,Gotham City Impostors Unlock: Weapon pack (CUT)
21206,Gotham City Impostors Unlock: Character pack (CUT)
21207,Gotham City Impostors Unlock: Gadgets pack (CUT)
21209,Gotham City Impostors Calling Card Pack 1
21210,Gotham City Impostors Calling Card Pack 2
21212,Gotham City Impostors Croc Pet
21213,Gotham City Impostors Gotham Mascot - Pretty Poison
21214,Gotham City Impostors Gotham Mascot - Harlette
21215,Gotham City Impostors Gotham Mascot - Killah Kitteh
21216,Gotham City Impostors Unlock: Premium Card Pack 3
21217,Gotham City Impostors Premium Card Pack 4
21218,Gotham City Impostors Premium Card Pack 5
21219,Gotham City Impostors Premium Card Pack 6
21220,Gotham City Impostors Premium Card Pack 7
21221,Gotham City Impostors Steamy Punk Pack
21222,Gotham City Impostors Mega XP Boost - Solo
21223,Gotham City Impostors Mega XP Boost - Team
21224,Gotham City Impostors Costume Coin Boost - Solo
21300,Gravitron 2
21310,Gravitron 2 - Demo
21400,Project Aftermath
21410,Project Aftermath Demo
21500,Pyroblazer
21510,Pyroblazer Demo
19840,Tom Clancy's Rainbow Six 3: Athena Sword
19890,Heroes of Might and Magic IV - Campaign Editor
19900,Far Cry 2
19910,Tom Clancy's Rainbow Six 2: Rogue Spear - Urban Operations
19930,The Settlers: Rise of an Empire Gold Edition  
19940,The Settlers 6 - Gold Editor
19950,Heroes of Might & Magic V: Editor
19960,Heroes of Might & Magic V: Hammers of Fate Editor
19970,Heroes of Might & Magic V: Tribes of the East Editor
19980,Prince of Persia
19989,Prince of Persia
19990,Shaun White Snowboarding
19999,Shaun White Snowboarding
20004,ValveTestApp20004
20005,ValveTestApp20005
20200,Galactic Bowling
20202,Galactic Bowling
20400,Shattered Suns
20500,Red Faction: Guerrilla Steam Edition
20509,Red Faction Guerrilla
20520,S.T.A.L.K.E.R.: Clear Sky
20530,Red Faction
20540,Company of Heroes: Tales of Valor
20550,Red Faction II
20560,World of Zoo: Creature Creator Demo
20589,"Warhammer 40,000: Dawn of War II - Chaos Rising"
20590,League of Legends
20700,Starscape
20710,Mr. Robot
20720,Starscape Demo
20730,Mr. Robot Demo
20820,Shatter
20828,Shatter Soundtrack
20840,Rugby Challenge
20900,The Witcher: Enhanced Edition
20902,The Witcher: Director's Cut DLC
20920,The Witcher 2: Assassins of Kings Enhanced Edition
20929,The Witcher 2 Pre-Order
20930,The Witcher 2: Bonus Content
21000,LEGO Batman: The Videogame
21010,Watchmen: The End Is Nigh
21019,Watchmen: The End Is Nigh
21020,Watchmen: The End Is Nigh Demo
21030,Watchmen: The End Is Nigh Part 2
21039,Watchmen: The End Is Nigh Part 2
18460,Crazy Machines 1.5 Inventors Training Camp
18470,Helldorado
18480,Mata Hari
18490,The Whispered World
18500,Defense Grid: The Awakening
18507,Defense Grid: Borderlands DLC
18508,Defense Grid: Resurgence Map Pack 1
18509,Defense Grid: Resurgence Map Pack 2 
18510,Defense Grid: The Awakening Demo
18520,Defense Grid: Resurgence Map Pack 3
18521,Defense Grid: Resurgence Map Pack 4
18522,Defense Grid: The Awakening - You Monster DLC
18523,Defense Grid: Containment DLC
18530,Defense Grid: Resurgence Map Pack 1
18531,Defense Grid: Resurgence Map Pack 2
18532,Defense Grid: Resurgence Map Pack 3
18533,Defense Grid: Resurgence Map Pack 4
18534,Defense Grid: The Awakening - Community Levels
18600,Mayhem Intergalactic
18610,Mayhem Intergalactic Demo
18700,And Yet It Moves
18709,And Yet It Moves
18710,And Yet it Moves - Demo
18800,Zero Gear Demo
18820,Zero Gear
19000,Silent Hill: Homecoming
19020,Puzzle Chronicles
19030,Rocket Knight
19060,Rocket Knight Demo
19080,Biozone
19090,Yard Sale Hidden Treasures Sunnyville
19200,Tank Universal
19210,Tank Universal Demo
19320,Space Ark
19330,Space Ark - Demo
19500,Eternity's Child
19510,Eternity's Child Demo
19680,Alice: Madness Returns
19800,Brothers in Arms: Earned in Blood
19810,The Sum of All Fears
19830,Tom Clancy's Rainbow Six 3: Gold Edition
17580,Dystopia
17585,Dystopia Dedicated Server
17590,Dystopia Beta
17595,Dystopia Beta Dedicated Server
17600,Out of the Park Baseball 9
17700,Insurgency: Modern Infantry Combat
17705,Insurgency Mod Dedicated Server
17710,Nuclear Dawn
17714,Nuclear Dawn DLC
17730,Smashball
17760,???
17790,Nuclear Dawn - Dev: Dedicated Server
17800,SpellForce 2: Shadow Wars
17810,SpellForce 2: Dragon Storm
18000,"On the Rain-Slick Precipice of Darkness, Episode One"
18010,"Penny Arcade Adventures: On the Rain-Slick Precipice of Darkness, Episode One Demo"
18020,"On the Rain-Slick Precipice of Darkness, Episode Two"
18030,"Penny Arcade Adventures: On the Rain-Slick Precipice of Darkness, Episode Two Demo"
18040,DeathSpank
18049,Deathspank Pre-order
18050,DeathSpank: Thongs Of Virtue
18052,DeathSpankTOV-DLCPack1
18053,DeathSpankTOV-DLCPack2
18059,Deathspank: Thongs of Virtue
18060,DLC: The Snowy Mountain Dungeon
18061,DLC: Tankko the Warrior
18070,The Baconing
18080,TheBaconing-DLC
18081,TheBaconing-DLC-Mac
18100,Shattered Horizon: Arconauts
18110,Shattered Horizon
18112,Shattered Horizon Dedicated Server
18119,Shattered Horizon Pre-order
18120,Unstoppable Gorg
18300,Spectraball
18310,Spectraball - Demo
18400,Crazy Machines 2
18403,Crazy Machines 2: Back to the Shop Add-On
18407,Crazy Machines 2: Fluid Add-On
18408,Crazy Machines 2 Time Travel Addon
18420,Crazy Machines
18430,Crazy Machines 1.5
18440,Crazy Machines 2 Add-On
18450,Crazy Machines 1.5 New from the Lab
17020,Global Agenda
17030,Global Agenda - Beta
17040,Global Agenda Public Test Client
17050,Global Agenda - Demo
17080,Tribes: Ascend
17095,Tribes: Ascend - Steam Starter Pack
17096,Tribes: Ascend - Steam Premium Pack
17097,Tribes: Ascend - Ultimate Weapons Pack
17100,Children of the Nile
17110,Children of the Nile Demo
17120,Children of the Nile: Alexandria
17140,Hinterland
17180,Mosby's Confederacy
17210,F.E.A.R. 3 (Beta) Hammer
17220,F.E.A.R. 3 (Beta) Shredder
17300,Crysis
17310,Crysis
17311,Crysis Warhead
17312,Crysis Wars
17330,Crysis Warhead
17340,Crysis Wars
17390,Spore
17400,FIFA Manager 09
17410,Mirror's Edge
17420,Warhammer Online: Age of Reckoning
17430,Need for Speed: Undercover
17440,Spore: Creepy & Cute Parts Pack
17450,Dragon Age: Origins
17460,Mass Effect
17480,Command and Conquer: Red Alert 3
17510,Age of Chivalry
17515,Age of Chivalry Dedicated Server
17520,Synergy
17525,Synergy Dedicated Server
17530,D.I.P.R.I.P. Warm Up
17535,D.I.P.R.I.P. Dedicated Server
17550,Eternal Silence
17555,Eternal Silence Dedicated Server
16110,Virtual Villagers 2: The Lost Children
16120,Plant Tycoon
16130,Fish Tycoon
16140,Virtual Villagers: A New Home Demo
16150,Virtual Villagers 2: The Lost Children Demo
16160,Plant Tycoon Demo
16170,Fish Tycoon Demo
16180,Virtual Villagers 3: The Secret City
16190,Virtual Villagers 3: The Secret City Demo
16200,Virtual Families
16210,Virtual Families - Demo
16300,Everyday Shooter
16420,F.E.A.R. 2: Project Origin Demo
16465,F.E.A.R. 2: Reborn
16470,F.E.A.R. 2: Project Origin Demo
16475,F.E.A.R. 2: Project Origin Demo
16479,F.E.A.R. 2: Project Origin
16480,F.E.A.R. 2: Project Origin JP
16500,Chaos Theory
16510,Chaos Theory Demo
16600,Trials 2: Second Edition
16610,Trials 2 Second Edition Demo
16620,Monster Trucks Nitro
16630,Monster Trucks Nitro Demo
16700,Stronghold Crusader Extreme HD
16710,Insecticide Part 1
16720,Velvet Assassin
16730,Legendary
16810,Sid Meier's Civilization IV: Colonization
16830,Sid Meier's Civilization V SDK
16860,Civilization V - Cradle of Civilization Map Pack: Mediterranean
16861,Civilization V - Cradle of Civilization Map Pack: Asia
16862,Civilization V - Cradle of Civilization Map Pack: Americas 
16863,Civilization V - Cradle of Civilization Map Pack: Mesopotamia
16864,Civilization V - Digital Deluxe Content
16865,Civilization V - Civ and Scenario Pack: Mongols (Genghis Khan)
16866,Civilization V - Explorer’s Map Pack
16867,Civilization V - Civ and Scenario Double Pack: Spain and Inca 
16868,Civilization V - Babylon (Nebuchadnezzar II)
16870,Sid Meier's Civilization V: Gods and Kings
16871,Sid Meier's Civilization V - XP2
16872,Civ V Expansion - Gods and Kings
16879,Civ V Gods and Kings Pre-Order
17000,Global Agenda - Beta
15530,AaaaaAAaaaAAAaaAAAAaAAAAA!!! -- A Reckless Disregard for Gravity - Demo
15540,1... 2... 3... KICK IT! (Drop That Beat Like an Ugly Baby)
15550,1... 2... 3... KICK IT! (Drop That Beat Like an Ugly Baby) - Demo
15560,AaaaaAAaaaAAAaaAAAAaAAAAA!!! for the Awesome
15620,"Warhammer 40,000: Dawn of War II"
15640,"Warhammer® 40,000™: Dawn of War® II (Press Build)"
15660,"Warhammer® 40,000™: Dawn of War® II - BETA"
15669,"Warhammer 40,000: Dawn of War II"
15680,"Warhammer® 40,000™: Dawn of War® II - Single Player Demo"
15700,Oddworld: Abe's Oddysee
15710,Oddworld: Abe's Exoddus
15720,Oddworld: Abe's Exoddus Demo
15730,Oddworld: Abe's Oddysee Demo
15740,Oddworld: Munch's Oddysee
15750,Oddworld: Stranger's Wrath HD
15800,Planet Busters
15810,Planet Busters Demo
15900,7 Wonders II
15902,7 Wonders 2 Demo
15910,Luxor: Amun Rising
15912,Luxor Amun Rising Demo
15920,Luxor 2
15922,Luxor 2 Demo
15930,Luxor 3
15932,Luxor 3 Demo
15940,The Office
15942,The Office Demo
15950,Reaxxion
15952,Reaxxion Demo
15960,Little Farm
15962,Little Farm Demo
15970,Luxor
15972,Luxor Demo
15980,Money Tree
15982,Money Tree Demo
15990,Elf Bowling: Hawaiian Vacation
15992,Elf Bowling: Hawaiian Vacation Demo
16000,Discovery! A Seek & Find Adventure
16002,Discovery! A Seek & Find Adventure Demo
16020,Samantha Swift and the Hidden Roses of Athena
16022,Samantha Swift and the Hidden Roses of Athena Demo
16030,7 Wonders: The Treasures of Seven
16032,7 Wonders - The Treasures of Seven Demo
16040,Luxor: Quest for the Afterlife
16042,Luxor: Quest for the Afterlife Demo
16060,Samantha Swift and the Golden Touch
16062,Samantha Swift and the Golden Touch Demo
16090,Gemsweeper
16098,Gemsweeper - Demo
16100,Virtual Villagers: A New Home
13530,Prince of Persia: The Two Thrones
13540,Tom Clancy's Rainbow Six: Vegas
13560,Tom Clancy's Splinter Cell
13570,Tom Clancy's Splinter Cell: Chaos Theory
13580,Tom Clancy's Splinter Cell: Double Agent
13600,Prince of Persia: The Sands of Time
13620,Tom Clancy's Ghost Recon: Desert Siege
13630,Tom Clancy's Ghost Recon: Island Thunder
13640,Tom Clancy's Ghost Recon: Advanced Warfighter
13650,Tom Clancy's Rainbow Six
13660,Tom Clancy's Rainbow Six 2: Rogue Spear
13700,Savage 2: A Tortured Soul
15000,Tom Clancy's Rainbow Six: Lockdown
15060,Rayman 2 - The Great Escape
15080,Rayman: Raving Rabbids
15100,Assassin's Creed
15120,Tom Clancy's Rainbow Six: Vegas 2
15130,Beyond Good & Evil
15140,Petz Dogz 2
15150,Petz Catz 2
15160,Petz Horsez 2
15170,Heroes of Might & Magic V
15190,Brothers in Arms: Road to Hill 30
15200,Silent Hunter: Wolves of the Pacific
15210,Silent Hunter III
15220,Blazing Angels: Squadrons of WWII
15230,Blazing Angels 2: Secret Missions of WWII
15240,Silent Hunter: Wolves of the Pacific U-Boat Missions
15260,Chessmaster: Grandmaster Edition
15270,Cold Fear
15280,Pacific Fighters
15290,Lost: Via Domus
15300,Tom Clancy's Ghost Recon
15310,The Settlers: Heritage of Kings
15320,IL-2 Sturmovik: 1946
15330,The Settlers: Rise of an Empire
15350,Brain Spa
15360,Call of Juarez: DirectX 10
15370,Heroes of Might & Magic V: Tribes of the East
15380,Heroes of Might & Magic V: Hammers of Fate
15390,Brothers in Arms: Hell's Highway
15396,Brothers in Arms: Hell's Highway
15400,Harvest: Massive Encounter
15500,The Wonderful End of the World
15510,The Wonderful End of the World Demo
15520,AaAaAA!!! - A Reckless Disregard for Gravity
15522,Aaaaa!!! Brutal Concussion
15529,AaaaaAAaaaAAAaaAAAAaAAAAA!!! -- A Reckless Disregard for Gravity
12530,Hunting Unlimited 2008
12540,Mahjongg Investigations: Under Suspicion
12550,Are You Smarter than a 5th Grader?
12560,Ride! Carnival Tycoon
12570,Hot Dish
12580,Dr. Daisy: Pet Vet
12590,Sprint Cars: Road to Knoxville
12600,Midnight Outlaw: 6 Hours to Sun Up
12630,Legend: Hand of God
12640,Drakensang
12650,Fetch It Again
12660,Miss Popularity
12670,Mission Runway
12690,Hunting Unlimited 2010
12710,Overlord: Raising Hell
12720,Turning Point: Fall of Liberty
12750,GRID
12770,Rise of the Argonauts
12790,Damnation
12799,Damnation
12800,FUEL
12810,Overlord II
12819,Overlord II
12820,Overlord II - Demo
12830,Operation Flashpoint: Dragon Rising
12840,DiRT 2
12849,ValveTestApp12849
12850,FUEL - Demo
12860,Ashes Cricket 2009
12880,Operation Flashpoint: Dragon Rising Mission Editor
12890,Operation Flashpoint: Dragon Rising - Demo
12900,Audiosurf
12910,Audiosurf Demo
13000,Ninja Reflex: Steamworks Edition
13010,Ninja Reflex: Steamworks Edition Demo
13120,America's Army 3 Beta
13140,America's Army 3
13180,America's Army 3 Dedicated Server
13200,Unreal II: The Awakening
13210,Unreal Tournament 3: Black Edition
13230,Unreal Tournament 2004
13240,Unreal Tournament: Game of the Year Edition
13250,Unreal Gold
13260,Unreal Development Kit
13500,Prince of Persia: Warrior Within
13510,Tom Clancy's Ghost Recon: Advanced Warfighter 2
13520,Far Cry
11610,Dragon Nest
11900,Lumines
11910,Lumines Demo
11920,Lumines: Advanced Pack
12100,Grand Theft Auto III
12130,Manhunt
12150,Max Payne 2: The Fall of Max Payne
12160,Midnight Club II
12170,Grand Theft Auto
12180,Grand Theft Auto 2
12190,Wild Metal Country
12200,Bully: Scholarship Edition
12219,Grand Theft Auto IV
12220,Grand Theft Auto: Episodes from Liberty City
12230,Grand Theft Auto III
12240,Grand Theft Auto: Vice City
12250,Grand Theft Auto: San Andreas
12260,Max Payne 2 (RU)
12300,Baseball Mogul 2008
12310,Culpa Innata
12320,Sacred Gold
12330,DarkStar One
12340,Jack Keane
12360,FlatOut: Ultimate Carnage
12364,FlatOut: Ultimate Carnage
12370,Jagged Alliance 2: Gold Pack
12380,Jagged Alliance 2 Gold: Unfinished Business
12390,Exodus from the Earth
12392,Exodus from the Earth
12400,Baseball Mogul 2009
12420,Perimeter 2: New Earth
12430,SlamIt Pinball: Big Score
12440,Ankh 2: Heart of Osiris
12450,Ankh 3: Battle of the Gods
12460,BC Kings
12470,Port Royale 2
12480,9th Company - Roots of Terror
12500,Puzzle Quest
12510,Prison Tycoon 3: Lockdown